idporto,locode,nome,localita,tipo_amministrazione_porto,rilievo_nazionale,rilevanza_nazionale,caso_speciale,note_caso_speciale,lat,lon
37225,ITCLS,Calasetta,Calasetta,NAZIONALE,SI,NO,NO,,,
16040,ITPTC,Portici,Portici,TERRITORIALE,NO,NO,NO,,,
15945,ITPAZ,Porto Azzurro,Porto Azzurro,NAZIONALE,NO,NO,NO,,,
15946,ITPCE,Porto Cervo,Porto Cervo,NAZIONALE,SI,NO,NO,,,
15948,ITPCN,Porto Conte,Porto Conte,TERRITORIALE,NO,NO,NO,,40.5833333333,8.2
17197,ITPEM,Porto Empedocle,Porto Empedocle,NAZIONALE,NO,SI,NO,,37.2843916667,13.5280138889
16042,ITPTH,Porto Ercole,Porto Ercole,TERRITORIALE,NO,NO,NO,,42.4,11.2
15954,ITPGA,Porto Garibaldi,Porto Garibaldi,TERRITORIALE,NO,NO,NO,,,
17249,ITPVT,Porto Levante,Porto Levante,NAZIONALE,NO,NO,NO,,45.0333333333,12.35
15957,ITPLI,Porto Lignano,Porto Lignano,TERRITORIALE,NO,NO,NO,,,
15962,ITPMZ,Porto Maurizio,Porto Maurizio,TERRITORIALE,NO,NO,NO,,,
15963,ITPNG,Porto Nogaro,Porto Nogaro,NAZIONALE,NO,NO,NO,,,
17245,ITPPF,Porto Palo,Porto Palo,TERRITORIALE,NO,NO,NO,,37.5833333333,12.9166666667
17246,ITPRF,Porto Recanati,Porto Recanati,TERRITORIALE,SI,NO,NO,,43.4333333333,13.6666666667
16106,ITSIG,Porto San Giorgio,Porto San Giorgio,TERRITORIALE,NO,NO,NO,,43.1833333333,13.7833333333
17248,ITPSS,Porto Santo Stefano,Porto Santo Stefano,NAZIONALE,SI,NO,NO,,,
16033,ITPPT,Porto Tolle,Porto Tolle,TERRITORIALE,NO,NO,NO,,44.95,12.3333333333
16044,ITPTO,Porto Torres,Porto Torres,NAZIONALE,NO,SI,NO,,40.8402166667,8.3997638889
16038,ITPRW,Porto Venere,Porto Venere,NAZIONALE,NO,NO,NO,,44.05,9.8333333333
15965,ITPOQ,Porto Viro,Porto Viro,NAZIONALE,SI,NO,NO,,45.0166666667,12.2166666667
15952,ITPFE,Portoferraio,Portoferraio,NAZIONALE,NO,SI,NO,,42.8126583333,10.3245333333
16041,ITPTF,Portofino,Portofino,NAZIONALE,NO,NO,NO,,,
16032,ITPPL,Portopalo,Portopalo,TERRITORIALE,NO,NO,NO,,36.6833333333,15.1333333333
17163,ITOZI,Pozzillo,Pozzillo,TERRITORIALE,NO,NO,NO,,37.65,15.1833333333
16031,ITPOZ,Pozzuoli,Pozzuoli,NAZIONALE,NO,NO,NO,,,
17198,ITPIM,Praia a Mare,Praia A Mare,TERRITORIALE,SI,NO,NO,,39.9,15.7833333333
16036,ITPRL,Priolo Gargallo,Priolo Gargallo,NAZIONALE,SI,NO,NO,,37.15,15.1833333333
16037,ITPRO,Procida,Procida,NAZIONALE,NO,NO,NO,,,
18256,ITPUC,Punta Cugno,Punta Cugno,TERRITORIALE,NO,NO,NO,,,
16080,ITRPO,Rapallo,Rapallo,TERRITORIALE,NO,NO,NO,,44.35,9.2333333333
16334,ITLLT,Savelletri,Savelletri,TERRITORIALE,NO,NO,NO,,40.8666666667,17.4
17066,ITICA,Torvaianica,Torvaianica,TERRITORIALE,NO,NO,NO,,41.6166666667,12.45
16168,ITTNI,Trani,Trani,TERRITORIALE,SI,NO,NO,,,
16170,ITTPS,Trapani,Trapani,NAZIONALE,NO,SI,NO,,38.01135,12.5181277778
15942,ITOTO,Otranto,Otranto,NAZIONALE,NO,NO,NO,,,
16086,ITAUG,Augusta,Augusta,NAZIONALE,NO,SI,NO,,37.2427972222,15.2137111111
56955,ITAV2,Avella,Avella,TERRITORIALE,NO,NO,NO,,,
16087,ITAVO,Avola,Avola,TERRITORIALE,NO,NO,NO,,,
16090,ITBCB,Bagnara Calabra,Bagnara Calabra,TERRITORIALE,NO,NO,NO,,38.2833333333,15.8
16095,ITBLN,Bagnoli,Bagnoli,TERRITORIALE,NO,NO,NO,,,
16089,ITBAI,Baia,Baia,TERRITORIALE,NO,NO,NO,,,
16104,ITBRI,Bari,Bari,NAZIONALE,NO,SI,NO,,41.1344944444,16.8640666667
16230,ITVUL,Vulcano porto,Vulcano Porto,TERRITORIALE,NO,NO,NO,,,
16166,ITTMI,Termoli,Termoli,NAZIONALE,NO,NO,NO,,,
16067,ITAOL,Acciaroli,Acciaroli,TERRITORIALE,NO,NO,NO,,40.1666666667,15.0166666667
16029,ITACL,Aci Castello,Aci Castello,TERRITORIALE,NO,NO,NO,,37.55,15.1166666667
16030,ITACT,Acitrezza,Acitrezza,TERRITORIALE,SI,NO,NO,,37.55,15.15
16059,ITAGP,Agropoli,Agropoli,TERRITORIALE,SI,NO,NO,,40.35,14.9833333333
56954,ITAUO,Agugliano,Agugliano,TERRITORIALE,NO,NO,NO,,,
16062,ITALS,Alassio,Alassio,TERRITORIALE,NO,NO,NO,,44,8.1666666667
16060,ITAHO,Alghero,Alghero,NAZIONALE,NO,NO,NO,,,
16061,ITALI,Alicudi,Alicudi,TERRITORIALE,NO,NO,NO,,,
16063,ITAMA,Amalfi,Amalfi,NAZIONALE,NO,NO,NO,,,
16064,ITAMT,Amantea,Amantea,TERRITORIALE,NO,NO,NO,,39.1166666667,16.0666666667
16302,ITGLJ,Camogli,Camogli,TERRITORIALE,NO,NO,NO,,44.35,9.15
18513,ITNIG,Cannigione,Cannigione,TERRITORIALE,NO,NO,NO,,,
16068,ITAOR,Caorle,Caorle,TERRITORIALE,NO,NO,NO,,45.6,12.8833333333
18620,ITCCB,Cape Carbonara,Cape Carbonara,TERRITORIALE,NO,NO,NO,,,
16939,ITCOQ,Capo d'Orlando,Capo D'orlando,TERRITORIALE,NO,NO,NO,,38.1666666667,14.75
16035,ITPRJ,Capri,Capri,NAZIONALE,NO,NO,NO,,,
16261,ITFOM,Formia,Formia,NAZIONALE,NO,NO,NO,,,
56957,ITCL4,Cellole,Cellole,TERRITORIALE,NO,NO,NO,,,
16938,ITCNT,Cesenatico,Cesenatico,TERRITORIALE,NO,NO,NO,,44.2,12.4
16153,ITTAA,Cetara,Cetara,TERRITORIALE,NO,NO,NO,,40.6333333333,14.7
17394,ITCCQ,Cetraro,Cetraro,TERRITORIALE,NO,NO,NO,,39.5,15.9333333333
16158,ITCHX,Chiavari,Chiavari,TERRITORIALE,NO,NO,NO,,44.3166666667,9.35
16157,ITCHI,Chioggia,Chioggia,NAZIONALE,NO,SI,NO,,45.2131277778,12.2693888889
16357,ITMRM,Ciro Marina,Ciro Marina,TERRITORIALE,NO,NO,NO,,39.3666666667,17.1166666667
16318,ITIOA,Civitanova Marche,Civitanova Marche,TERRITORIALE,NO,NO,NO,,,
16224,ITCVV,Civitavecchia,Civitavecchia,NAZIONALE,NO,SI,NO,,42.0944472222,11.7823777778
17534,ITCPN,Copanello,Copanello,TERRITORIALE,NO,NO,NO,,,
56960,ITCPJ,Coppito,Coppito,TERRITORIALE,NO,NO,NO,,,
16156,ITCGC,Corigliano Calabro,Corigliano Calabro,NAZIONALE,NO,SI,NO,,39.6634916667,16.5249694444
56959,ITCO3,Cortona,Cortona,TERRITORIALE,NO,NO,NO,,,
16940,ITCRV,Crotone,Crotone,NAZIONALE,NO,SI,NO,,39.0858972222,17.1290083333
16180,ITCPM,Cupra Marittima,Cupra Marittima,TERRITORIALE,NO,NO,NO,,43.0166666667,13.85
16502,ITDIA,Diamante,Diamante,TERRITORIALE,NO,NO,NO,,39.6833333333,15.8166666667
16503,ITDNO,Duino,Duino,TERRITORIALE,SI,NO,NO,,45.7666666667,13.5833333333
16257,ITFCO,Fiumicino,Fiumicino,NAZIONALE,NO,SI,NO,,41.7706694444,12.2256694444
16254,ITFAL,Falconara,Falconara,NAZIONALE,NO,SI,NO,,43.6396861111,13.3873333333
16255,ITFAO,Fano,Fano,TERRITORIALE,SI,NO,NO,,,
56968,ITQNO,Farigliano,Farigliano,TERRITORIALE,NO,NO,NO,,,
16256,ITFAV,Favignana,Favignana,NAZIONALE,NO,NO,NO,,,
16262,ITFPO,Filicudi Porto,Filicudi Porto,TERRITORIALE,SI,NO,NO,,,
16260,ITFNL,Finale Ligure,Finale Ligure,TERRITORIALE,NO,NO,NO,,44.1666666667,8.3333333333
16986,ITFCV,Foce Varano,Foce Varano,TERRITORIALE,NO,NO,NO,,41.9166666667,15.8
16507,ITFOL,Follonica,Follonica,NAZIONALE,NO,NO,NO,,,
16508,ITFRD,Forio,Forio,TERRITORIALE,NO,NO,NO,,40.7333333333,13.85
16258,ITFDM,Forte dei Marmi,Forte Dei Marmi,TERRITORIALE,NO,NO,NO,,43.9666666667,10.1666666667
16506,ITFME,Francavilla al Mare,Francavilla Al Mare,TERRITORIALE,NO,NO,NO,,,
16259,ITFGE,Fregene,Fregene,TERRITORIALE,NO,NO,NO,,41.85,12.2
16509,ITFSA,Fusina,Fusina,TERRITORIALE,NO,NO,NO,,45.4166666667,12.2333333333
17065,ITGMA,Gabicce Mare,Gabicce Mare,TERRITORIALE,NO,NO,NO,,43.9666666667,12.7666666667
16263,ITGAE,Gaeta,Gaeta,NAZIONALE,SI,SI,NO,,41.2229111111,13.5727722222
16265,ITGAL,Gallipoli,Gallipoli,NAZIONALE,NO,NO,NO,,,
16298,ITGEA,Gela,Gela,NAZIONALE,SI,NO,NO,,,
16043,ITPTI,Patti,Patti,TERRITORIALE,NO,NO,NO,,,
15950,ITPED,Pedaso,Pedaso,TERRITORIALE,NO,NO,NO,,43.1,13.8333333333
15951,ITPES,Pesaro,Pesaro,NAZIONALE,NO,SI,NO,,43.9229166667,12.9052555556
16039,ITPSR,Pescara,Pescara,NAZIONALE,NO,SI,NO,,42.4691027778,14.2317194444
16533,ITLEN,Levanto,Levanto,TERRITORIALE,NO,NO,NO,,44.1666666667,9.6
37221,ITLEV,Levanzo,Levanzo,NAZIONALE,SI,NO,NO,,,
37220,ITLIC,Licata,Licata,NAZIONALE,NO,NO,NO,,,
56973,ITULE,Zaule,Zaule,TERRITORIALE,NO,NO,NO,,,
16335,ITLMP,Lampedusa,Lampedusa,NAZIONALE,NO,NO,NO,,,
17102,ITMAZ,Mazara del Vallo,Mazara Del Vallo,NAZIONALE,NO,NO,NO,,,
16332,ITLIU,Linosa,Linosa,TERRITORIALE,NO,NO,NO,,,
16066,ITAOI,Ancona,Ancona,NAZIONALE,NO,SI,NO,,43.6206333333,13.5029972222
16057,ITADA,Andora,Andora,TERRITORIALE,NO,NO,NO,,43.95,8.15
16855,ITANZ,Anzio,Anzio,NAZIONALE,NO,NO,NO,,,
16085,ITATX,Arbatax,Arbatax,NAZIONALE,SI,NO,NO,,39.9333333333,9.7
16088,ITAZA,Arenzano,Arenzano,TERRITORIALE,SI,NO,NO,,44.4,8.6666666667
16069,ITATA,Arma di Taggia,Arma Di Taggia,TERRITORIALE,NO,NO,NO,,43.8166666667,7.85
16331,ITLIP,Lipari,Lipari,NAZIONALE,NO,NO,NO,,,
16065,ITAOA,Paola,Paola,TERRITORIALE,SI,NO,NO,,39.3833333333,16.0333333333
16077,ITRMI,Rimini,Rimini,NAZIONALE,NO,NO,NO,,,
15947,ITPCH,Peschici,Peschici,TERRITORIALE,NO,NO,NO,,,
17247,ITPRR,Piano di Sorrento,Piano Di Sorrento,TERRITORIALE,NO,NO,NO,,40.6333333333,14.4166666667
15955,ITPIA,Pianosa,Pianosa,TERRITORIALE,NO,NO,NO,,42.5666666667,10.0666666667
56962,ITISB,Pier Isab,Pier Isab,TERRITORIALE,NO,NO,NO,,,
15956,ITPIO,Piombino,Piombino,NAZIONALE,NO,SI,NO,,42.9342138889,10.5447027778
17199,ITPIZ,Pizzo,Pizzo,TERRITORIALE,NO,NO,NO,,38.7333333333,16.15
15949,ITPCR,Policoro,Policoro,TERRITORIALE,NO,NO,NO,,40.2166666667,16.6833333333
18096,ITZQQ,Polignano a Mare,Polignano A Mare,TERRITORIALE,SI,NO,NO,,,
56966,ITPM4,Pomaro Monferrato,Pomaro Monferrato,TERRITORIALE,NO,NO,NO,,,
16832,ITPNZ,Ponza,Ponza,NAZIONALE,NO,NO,NO,,,
15940,ITORL,Porticello,Porticello,TERRITORIALE,SI,NO,NO,,38.0833333333,13.5333333333
16102,ITBLT,Barletta,Barletta,NAZIONALE,NO,SI,NO,,41.3255277778,16.2904
16094,ITBLA,Bellaria,Bellaria,TERRITORIALE,NO,NO,NO,,44.15,12.4666666667
17351,ITBMT,Belvedere Marittimo,Belvedere Marittimo,TERRITORIALE,NO,NO,NO,,39.6166666667,15.85
16103,ITBNC,Bianco,Bianco,TERRITORIALE,NO,NO,NO,,38.0833333333,16.1333333333
16091,ITBCE,Bisceglie,Bisceglie,TERRITORIALE,NO,NO,NO,,41.2333333333,16.5
15930,ITOAA,Bonagia,Bonagia,TERRITORIALE,NO,NO,NO,,38.05,12.5833333333
16093,ITBGH,Bordighera,Bordighera,TERRITORIALE,NO,NO,NO,,43.7666666667,7.6666666667
17352,ITBOA,Bosa,Bosa,TERRITORIALE,NO,NO,NO,,40.2833333333,8.4833333333
16105,ITBVM,Bova Marina,Bova Marina,TERRITORIALE,SI,NO,NO,,37.9333333333,15.9166666667
56956,ITBMA,Bovalino Marina,Bovalino Marina,TERRITORIALE,NO,NO,NO,,,
16092,ITBDS,Brindisi,Brindisi,NAZIONALE,NO,SI,NO,,40.6505805556,17.9656805556
16141,ITCAG,Cagliari,Cagliari,NAZIONALE,NO,SI,NO,,39.2106027778,9.112075
15926,ITNNE,Cala Gonone,Cala Gonone,TERRITORIALE,NO,NO,NO,,40.3,9.6333333333
56976,ITZZQ,Caldonazzo,Caldonazzo,TERRITORIALE,NO,NO,NO,,,
16179,ITCPA,Capraia,Capraia,NAZIONALE,SI,SI,NO,,43.0512027778,9.8376527778
56958,ITCM2,Carema,Carema,TERRITORIALE,NO,NO,NO,,,
16182,ITCRT,Cariati,Cariati,TERRITORIALE,SI,NO,NO,,39.4833333333,16.95
16892,ITCLF,Carloforte,Carloforte,NAZIONALE,NO,NO,NO,,,
37224,ITCML,Casamicciola,Casamicciola Terme,NAZIONALE,NO,NO,NO,,,
16058,ITAEL,Castel Volturno,Castel Volturno,TERRITORIALE,SI,NO,NO,,41.0333333333,13.95
16185,ITCTR,Castellammare del Golfo,Castellammare Del Golfo,TERRITORIALE,NO,NO,NO,,38.0166666667,12.8833333333
16142,ITCAS,Castellammare di Stabia,Castellammare Di Stabia,NAZIONALE,NO,SI,NO,,40.6941166667,14.4714361111
16184,ITCTK,Castelsardo,Castelsardo,TERRITORIALE,SI,NO,NO,,40.9,8.7
16070,ITATI,Castiglioncello,Castiglioncello,TERRITORIALE,NO,NO,NO,,43.4,10.4166666667
17395,ITCEQ,Castiglione della Pescaia,Castiglione Della Pescaia,TERRITORIALE,SI,NO,NO,,42.7666666667,10.8833333333
16181,ITCRQ,Castro Marina,Castro Marina,TERRITORIALE,NO,NO,NO,,39.9833333333,18.4
16183,ITCTA,Catania,Catania,NAZIONALE,NO,SI,NO,,37.4964444444,15.0941583333
16891,ITCCL,Cattolica,Cattolica,TERRITORIALE,NO,NO,NO,,43.95,12.7333333333
16225,ITCVX,Cavo,Cavo,NAZIONALE,SI,SI,NO,,42.8602416667,10.4233305556
16143,ITCEC,Cecina,Cecina,TERRITORIALE,SI,NO,NO,,,
16155,ITCFU,Cefalu,Cefalu,TERRITORIALE,NO,NO,NO,,38.0333333333,14.0166666667
16303,ITGOA,Genova,Genova,NAZIONALE,NO,SI,NO,,44.4090972222,8.9179666667
16300,ITGII,Giannutri,Giannutri,TERRITORIALE,NO,NO,NO,,,
16299,ITGIA,Giardini,Giardini,NAZIONALE,NO,NO,NO,,,
16301,ITGIT,Gioia Tauro,Gioia Tauro,NAZIONALE,NO,SI,NO,,38.4468777778,15.901875
16308,ITGVZ,Giovinazzo,Giovinazzo,TERRITORIALE,NO,NO,NO,,41.1833333333,16.6666666667
16307,ITGUI,Giulianova Lido,Giulianova Lido,TERRITORIALE,NO,NO,NO,,42.65,13.9333333333
16264,ITGAI,Golfo Aranci,Golfo Aranci,NAZIONALE,NO,SI,NO,,40.995075,9.6226027778
16305,ITGOR,Gorgona,Gorgona,TERRITORIALE,NO,NO,NO,,,
16304,ITGOO,Goro,Goro,TERRITORIALE,NO,NO,NO,,44.85,12.3
16306,ITGRD,Grado,Grado,TERRITORIALE,NO,NO,NO,,,
16317,ITIMP,Imperia,Imperia,NAZIONALE,NO,NO,NO,,,
16320,ITISH,Ischia,Ischia,NAZIONALE,NO,NO,NO,,,
18625,ITISN,Isola Asinara,Isola Asinara,NAZIONALE,NO,NO,NO,,,
17012,ITISS,Isola Santo Stefano,Isola Santo Stefano,TERRITORIALE,SI,NO,NO,,,
17011,ITIDG,Isola del Giglio,Isola Del Giglio,NAZIONALE,NO,NO,NO,,,
16316,ITIDF,Isola delle Femmine,Isola Delle Femmine,TERRITORIALE,NO,NO,NO,,38.2,13.25
37223,ITFOR,Isolotto Formica,Isolotto Formica,NAZIONALE,NO,NO,NO,,,
16321,ITJLO,Jesolo,Jesolo,TERRITORIALE,SI,NO,NO,,,
16340,ITMDA,La Maddalena,La Maddalena,NAZIONALE,NO,NO,NO,,41.2166666667,9.3833333333
16341,ITMDC,Marina di Carrara,Marina Di Carrara,NAZIONALE,NO,SI,NO,,44.0333416667,10.0402472222
18015,ITAAS,Marina di Davoli,Marina Di Davoli,TERRITORIALE,NO,NO,NO,,,
16145,ITSPE,La Spezia,La Spezia,NAZIONALE,NO,SI,NO,,44.1045361111,9.843625
16323,ITLAE,Lacco Ameno,Lacco Ameno,TERRITORIALE,NO,NO,NO,,40.75,13.9
16322,ITLAD,Ladispoli,Ladispoli,TERRITORIALE,NO,NO,NO,,41.9333333333,12.0833333333
16324,ITLAW,Lavagna,Lavagna,TERRITORIALE,NO,NO,NO,,44.3,9.35
16327,ITLER,Lerici,Lerici,TERRITORIALE,NO,NO,NO,,44.0833333333,9.9166666667
16328,ITLES,Lesina,Lesina,TERRITORIALE,NO,NO,NO,,41.85,15.35
16326,ITLEC,Leuca,Leuca,TERRITORIALE,NO,NO,NO,,39.8,18.35
17101,ITLSD,Lignano Sabbiadoro,Lignano Sabbiadoro,TERRITORIALE,NO,NO,NO,,45.6666666667,13.1
16333,ITLIV,Livorno,Livorno,NAZIONALE,NO,SI,NO,,43.56095,10.3014138889
16336,ITLOA,Loano,Loano,TERRITORIALE,NO,NO,NO,,44.1333333333,8.25
56953,ITAI7,Maiolati Spontini,Maiolati Spontini,TERRITORIALE,NO,NO,NO,,,
16319,ITIOI,Maiori,Maiori,TERRITORIALE,NO,NO,NO,,40.65,14.6333333333
16343,ITMFR,Manfredonia,Manfredonia,NAZIONALE,NO,SI,NO,,41.6250333333,15.9178138889
16338,ITMAJ,Marano Lagunare,Marano Lagunare,TERRITORIALE,NO,NO,NO,,45.75,13.1666666667
16164,ITTEA,Maratea,Maratea,TERRITORIALE,NO,NO,NO,,39.9833333333,15.7166666667
16339,ITMAM,Marciana Marina,Marciana Marina,TERRITORIALE,NO,NO,NO,,42.8,10.1833333333
37222,ITMMO,Marettimo,Marettimo,NAZIONALE,NO,NO,NO,,,
15959,ITPMA,Marghera,Marghera,TERRITORIALE,NO,NO,NO,,45.45,12.2166666667
16342,ITMDW,Margherita di Savoia,Margherita Di Savoia,TERRITORIALE,SI,NO,NO,,41.3666666667,16.1333333333
16344,ITMGE,Marina Grande,Marina Grande,TERRITORIALE,SI,NO,NO,,40.55,14.25
16347,ITMLB,Marina della Lobra,Marina Della Lobra,TERRITORIALE,NO,NO,NO,,40.6,14.3333333333
16346,ITMIT,Marina di Camerota,Marina Di Camerota,TERRITORIALE,NO,NO,NO,,40,15.3666666667
16358,ITMRP,Marina di Campo,Marina Di Campo,TERRITORIALE,NO,NO,NO,,42.7333333333,10.55
16337,ITMAH,Marina di Ginosa,Marina Di Ginosa,TERRITORIALE,NO,NO,NO,,40.4166666667,16.8833333333
16360,ITMSD,Marina di Grosseto,Marina Di Grosseto,TERRITORIALE,NO,NO,NO,,42.7166666667,10.9666666667
16850,ITQMM,Marina di Massa,Marina Di Massa,TERRITORIALE,SI,NO,NO,,44,10.1
17162,ITOPD,Ospedaletti,Ospedaletti,TERRITORIALE,SI,NO,NO,,,
16350,ITMMN,Marina di Monasterace,Marina Di Monasterace,TERRITORIALE,NO,NO,NO,,38.4333333333,16.5666666667
16546,ITMPA,Marina di Pisa,Marina Di Pisa,TERRITORIALE,NO,NO,NO,,43.6666666667,10.2666666667
17034,ITMSB,Marina di Pisciotta,Marina Di Pisciotta,TERRITORIALE,NO,NO,NO,,40.1166666667,15.2333333333
16354,ITMNU,Marinella di Selinunte,Marinella Di Selinunte,TERRITORIALE,NO,NO,NO,,37.5833333333,12.7833333333
16096,ITRTT,Marotta,Marotta,TERRITORIALE,NO,NO,NO,,43.7666666667,13.1333333333
16356,ITMRA,Marsala,Marsala,NAZIONALE,NO,NO,NO,,37.8,12.4333333333
15921,ITMTS,Martinsicuro,Martinsicuro,TERRITORIALE,NO,NO,NO,,,
16359,ITMSA,Massa,Massa,TERRITORIALE,SI,NO,NO,,,
17912,ITMPS,Melito di Porto Salvo,Melito Di Porto Salvo,TERRITORIALE,NO,NO,NO,,,
56970,ITSAX,Sant Angelo in Vado,Sant Angelo In Vado,TERRITORIALE,NO,NO,NO,,,
15927,ITNTA,Sant' Antioco,Sant' Antioco,NAZIONALE,NO,NO,NO,,39.0666666667,8.45
15961,ITPMO,Palermo,Palermo,NAZIONALE,NO,SI,NO,,38.1285666667,13.3672722222
15958,ITPLN,Palinuro,Palinuro,TERRITORIALE,NO,NO,NO,,40.05,15.2833333333
15960,ITPMM,Palmi,Palmi,TERRITORIALE,SI,SI,NO,,38.3904611111,15.8619888889
15943,ITPAN,Panarea,Panarea,TERRITORIALE,NO,NO,NO,,,
15920,ITMSN,Messina,Messina,NAZIONALE,NO,SI,NO,,38.1892027778,15.5609138889
16349,ITMLZ,Milazzo,Milazzo,NAZIONALE,NO,SI,NO,,38.2164722222,15.2428833333
16345,ITMIM,Mili Marina,Mili Marina,TERRITORIALE,NO,NO,NO,,38.1166666667,15.5166666667
17033,ITMIS,Misano Adriatico,Misano Adriatico,TERRITORIALE,NO,NO,NO,,43.9666666667,12.7
15931,ITODB,Mola di Bari,Mola Di Bari,TERRITORIALE,SI,NO,NO,,41.05,17.0833333333
16355,ITMOL,Molfetta,Molfetta,NAZIONALE,NO,NO,NO,,,
16545,ITMND,Mondello,Mondello,TERRITORIALE,NO,NO,NO,,38.2,13.3333333333
15932,ITODG,Mondragone,Mondragone,TERRITORIALE,SI,NO,NO,,41.1166666667,13.9
16352,ITMNF,Monfalcone,Monfalcone,NAZIONALE,SI,SI,NO,,45.788976,13.536257
16353,ITMNP,Monopoli,Monopoli,NAZIONALE,NO,SI,NO,,40.9554222222,17.3030305556
16348,ITMLS,Montalto di Castro,Montalto Di Castro,TERRITORIALE,NO,NO,NO,,42.35,11.6
56964,ITMO4,Montechiaro d Asti,Montechiaro D Asti,TERRITORIALE,NO,NO,NO,,,
56963,ITMFO,Montefiorino,Montefiorino,TERRITORIALE,NO,NO,NO,,,
56961,ITFLL,Montefollonico,Montefollonico,TERRITORIALE,NO,NO,NO,,,
16084,ITRSM,Monterosso al Mare,Monterosso Al Mare,TERRITORIALE,NO,NO,NO,,44.15,9.65
16186,ITUGG,Muggia,Muggia,TERRITORIALE,SI,NO,NO,,45.6,13.7666666667
18428,ITMUT,Multedo,Multedo,TERRITORIALE,NO,NO,NO,,,
15922,ITNAP,Napoli,Napoli,NAZIONALE,SI,SI,NO,,40.8397722222,14.2762805556
17129,ITNTT,Nettuno,Nettuno,TERRITORIALE,NO,NO,NO,,41.4666666667,12.6833333333
15925,ITNLI,Noli,Noli,TERRITORIALE,NO,NO,NO,,44.2,8.4166666667
15929,ITNTO,Noto,Noto,TERRITORIALE,NO,NO,NO,,36.8833333333,15.0666666667
56965,ITNSR,Nova Siri,Nova Siri,TERRITORIALE,NO,NO,NO,,,
16822,ITNUM,Numana,Numana,TERRITORIALE,NO,NO,NO,,43.5,13.6166666667
15937,ITOGN,Ognina,Ognina,TERRITORIALE,SI,NO,NO,,36.9833333333,15.25
16097,ITSAG,Sant'Agata di Militello,Sant'agata Di Militello,TERRITORIALE,NO,NO,NO,,38.0666666667,14.6333333333
15938,ITOLB,Olbia,Olbia,NAZIONALE,SI,SI,NO,Mantiene autonomia finanziaria ed amministrativa fino al 31/12/2016,40.9235861111,9.5192972222
15939,ITONE,Oneglia,Oneglia,TERRITORIALE,NO,NO,NO,,,
17130,ITOBT,Orbetello,Orbetello,TERRITORIALE,NO,NO,NO,,42.4333333333,11.2166666667
16047,ITQOS,Oristano,Oristano,NAZIONALE,NO,SI,NO,,39.8625833333,8.5519055556
15941,ITOTN,Ortona,Ortona,NAZIONALE,NO,SI,NO,,42.3513583333,14.411925
16108,ITSIT,Ostia,Ostia,TERRITORIALE,NO,NO,NO,,41.75,12.3
37581,ITotz,Ozegna,Ozegna,TERRITORIALE,NO,NO,NO,,,
56974,ITVXP,Pago Veiano,Pago Veiano,TERRITORIALE,NO,NO,NO,,,
15944,ITPAU,Palau,Palau,NAZIONALE,NO,NO,NO,,,
16045,ITPVE,Portoscuso (Porto Vesme),Portoscuso (porto Vesme),NAZIONALE,NO,SI,NO,,39.1974777778,8.3899333333
15966,ITPOS,Positano,Positano,TERRITORIALE,NO,NO,NO,,,
16046,ITPZL,Pozzallo,Pozzallo,NAZIONALE,NO,NO,NO,,,
15964,ITPNL,Pantelleria,Pantelleria,NAZIONALE,NO,NO,NO,,,
16071,ITRAN,Ravenna,Ravenna,NAZIONALE,NO,SI,NO,,44.4566861111,12.2486361111
16074,ITREC,Recco,Recco,TERRITORIALE,NO,NO,NO,,44.35,9.1333333333
16075,ITREG,Reggio Calabria,Reggio Calabria,NAZIONALE,NO,SI,NO,,38.1228416667,15.6501833333
16072,ITRCE,Riccione,Riccione,TERRITORIALE,NO,NO,NO,,44,12.65
56969,ITRIN,Rinella,Rinella,TERRITORIALE,NO,NO,NO,,,
16856,ITRMA,Rio Marina,Rio Marina,NAZIONALE,NO,SI,NO,,42.8153444444,10.4297638889
16076,ITRMG,Riomaggiore,Riomaggiore,TERRITORIALE,NO,NO,NO,,44.1,9.7333333333
16081,ITRPT,Riposto,Riposto,TERRITORIALE,NO,NO,NO,,,
17318,ITRTS,Riva Trigoso,Riva Trigoso,TERRITORIALE,NO,NO,NO,,44.25,9.4166666667
16857,ITROC,Roccella Ionica,Roccella Ionica,TERRITORIALE,NO,NO,NO,,38.3166666667,16.4
17280,ITRGG,Rodi Garganico,Rodi Garganico,TERRITORIALE,NO,NO,NO,,,
16079,ITROM,Roma,Roma,TERRITORIALE,NO,NO,NO,,,
16073,ITRDA,Roseto Degli Abbruzzi,Roseto Degli Abbruzzi,TERRITORIALE,NO,NO,NO,,42.6833333333,14.0166666667
18333,ITGSV,Rosignano Solvay,Rosignano Solvay,TERRITORIALE,NO,NO,NO,,,
17319,ITSDB,San Benedetto Del Tronto,San Benedetto Del Tronto,NAZIONALE,NO,SI,NO,,42.956425,13.8886361111
16098,ITSAL,Salerno,Salerno,NAZIONALE,SI,SI,SI,Mantiene autonomia finanziaria ed amministrativa fino al 31/12/2017,40.6740666667,14.7464611111
17354,ITSLC,Saline,Saline,TERRITORIALE,NO,NO,NO,,37.95,15.7
56971,ITSI6,Sammichele,Sammichele,TERRITORIALE,NO,NO,NO,,,
15923,ITNCT,San Cataldo,San Cataldo,TERRITORIALE,NO,NO,NO,,40.3833333333,18.3
16858,ITSFE,San Felice Circeo,San Felice Circeo,TERRITORIALE,NO,NO,NO,,41.2333333333,13.0833333333
37582,ITsg7,San Giuseppe,San Giuseppe,TERRITORIALE,NO,NO,NO,,,
17356,ITSNP,San Pietro,San Pietro,TERRITORIALE,SI,NO,NO,,,
16146,ITSRE,San Remo,San Remo,NAZIONALE,NO,NO,NO,,,
56967,ITQER,San Rocco di Guastalla,San Rocco Di Guastalla,TERRITORIALE,NO,NO,NO,,,
16151,ITSVC,San Vito lo Capo,San Vito Lo Capo,TERRITORIALE,NO,NO,NO,,,
17320,ITSFM,Santa Foca di Melendugno,Santa Foca Di Melendugno,TERRITORIALE,NO,NO,NO,,40.2666666667,18.3333333333
16113,ITSML,Santa Margherita Ligure,Santa Margherita Ligure,NAZIONALE,NO,NO,NO,,,
16854,ITAMN,Santa Maria Navarrese,Santa Maria Navarrese,TERRITORIALE,NO,NO,NO,,39.9833333333,9.6833333333
17355,ITSMK,Santa Maria di Castellabate,Santa Maria Di Castellabate,TERRITORIALE,NO,NO,NO,,40.2833333333,14.95
16109,ITSLA,Santa Marina Salina,Santa Marina Salina,TERRITORIALE,NO,NO,NO,,38.5666666667,14.8666666667
16112,ITSMA,Santa Marinella,Santa Marinella,TERRITORIALE,NO,NO,NO,,42.0333333333,11.8333333333
16144,ITSPA,Santa Panagia,Santa Panagia,NAZIONALE,NO,NO,NO,,37.1,15.25
16149,ITSTE,Santa Teresa di Gallura,Santa Teresa Di Gallura,NAZIONALE,SI,SI,NO,,41.2369277778,9.1944944444
16148,ITSSF,Santo Stefano al Mare,Santo Stefano Al Mare,TERRITORIALE,NO,NO,NO,,43.8333333333,7.8833333333
16916,ITTEF,Santo Stefano di Camastra,Santo Stefano Di Camastra,TERRITORIALE,NO,NO,NO,,38.0166666667,14.35
16034,ITPRH,Sapri,Sapri,TERRITORIALE,NO,NO,NO,,40.05,15.6166666667
15953,ITPFX,Sarroch (Porto Foxi),Sarroch (porto Foxi),NAZIONALE,NO,SI,NO,,39.0895166667,9.027575
16152,ITSVN,Savona,Savona,NAZIONALE,NO,SI,NO,,44.3101527778,8.4904638889
16325,ITLEA,Scalea,Scalea,TERRITORIALE,NO,NO,NO,,39.8,15.7833333333
16147,ITSRH,Scario,Scario,TERRITORIALE,SI,NO,NO,,40.05,15.4833333333
16187,ITURI,Scauri,Scauri,TERRITORIALE,SI,NO,NO,,41.25,13.7
16099,ITSCK,Sciacca,Sciacca,TERRITORIALE,NO,NO,NO,,37.5,13.0666666667
16110,ITSLL,Scilla,Scilla,TERRITORIALE,NO,NO,NO,,38.25,15.7166666667
16100,ITSCO,Scoglitti,Scoglitti,TERRITORIALE,NO,NO,NO,,,
37555,ITsew,Senato Lerici,Senato Lerici,TERRITORIALE,NO,NO,NO,,,
16101,ITSEG,Senigallia,Senigallia,TERRITORIALE,NO,NO,NO,,43.7166666667,13.2166666667
15928,ITNTE,Sestri Levante,Sestri Levante,TERRITORIALE,NO,NO,NO,,44.2666666667,9.3833333333
16083,ITRRV,Sferracavallo,Sferracavallo,TERRITORIALE,NO,NO,NO,,38.2,13.2333333333
17353,ITSID,Siderno Marina,Siderno Marina,TERRITORIALE,NO,NO,NO,,,
16111,ITSLV,Silvi Marina,Silvi Marina,TERRITORIALE,NO,NO,NO,,42.5666666667,14.1
16107,ITSIR,Siracusa,Siracusa,NAZIONALE,NO,NO,NO,,,
57847,ITS8L,Solopaca,Solopaca,TERRITORIALE,NO,NO,NO,,,
16082,ITRRO,Sorrento,Sorrento,NAZIONALE,NO,NO,NO,,,
16115,ITSOO,Soverato,Soverato,TERRITORIALE,NO,NO,NO,,38.6833333333,16.5333333333
15924,ITNGA,Sperlonga,Sperlonga,TERRITORIALE,NO,NO,NO,,41.25,13.4166666667
16078,ITRNS,Spotorno,Spotorno,TERRITORIALE,SI,NO,NO,,44.2166666667,8.4166666667
16178,ITTTN,Stintino,Stintino,TERRITORIALE,NO,NO,NO,,40.9333333333,8.2166666667
16150,ITSTR,Stromboli,Stromboli,TERRITORIALE,SI,NO,NO,,,
16154,ITTAL,Talamone,Talamone,NAZIONALE,NO,NO,NO,,,
16192,ITVIE,Vieste,Vieste,NAZIONALE,NO,NO,NO,,,
16227,ITVSG,Villa San Giovanni,Villa San Giovanni,NAZIONALE,NO,SI,NO,,38.2181388889,15.6332944444
16229,ITVTI,Voltri,Voltri,TERRITORIALE,NO,NO,NO,,,
16161,ITTAR,Taranto,Taranto,NAZIONALE,SI,SI,NO,,40.4758833333,17.2134194444
16173,ITTRI,Termini Imerese,Termini Imerese,NAZIONALE,NO,SI,NO,,37.9859722222,13.7049527778
16171,ITTRC,Terracina,Terracina,NAZIONALE,NO,NO,NO,,,
16114,ITSNR,Terrasini,Terrasini,TERRITORIALE,NO,NO,NO,,38.15,13.0833333333
16177,ITTTF,Tirrenia,Tirrenia,TERRITORIALE,SI,NO,NO,,,
16169,ITTOA,Torre Annunziata,Torre Annunziata,NAZIONALE,NO,NO,NO,,,
16162,ITTCS,Torre Cesarea,Torre Cesarea,TERRITORIALE,NO,NO,NO,,40.0333333333,18.45
16172,ITTRH,Torre Faro,Torre Faro,TERRITORIALE,SI,NO,NO,,38.25,15.6333333333
16917,ITTGV,Torre Gaveta,Torre Gaveta,TERRITORIALE,NO,NO,NO,,40.8166666667,14.0333333333
16176,ITTRU,Torre San Giovanni,Torre San Giovanni,TERRITORIALE,NO,NO,NO,,39.8833333333,18.1166666667
16163,ITTDG,Torre del Greco,Torre Del Greco,TERRITORIALE,NO,NO,NO,,,
16165,ITTGR,Torregrande,Torregrande,TERRITORIALE,NO,NO,NO,,,
16893,ITTTL,Tortoreto Lido,Tortoreto Lido,TERRITORIALE,SI,NO,NO,,42.8,13.8666666667
16915,ITTCC,Trebisacce,Trebisacce,TERRITORIALE,NO,NO,NO,,39.8666666667,16.5166666667
57949,ITZVK,Tremestieri,Tremestieri,TERRITORIALE,NO,SI,NO,,38.1319027778,15.523875
16167,ITTMT,Tremiti,Tremiti,NAZIONALE,NO,NO,NO,,,
16175,ITTRS,Trieste,Trieste,NAZIONALE,NO,SI,NO,,45.6338305556,13.7617555556
16174,ITTRP,Tropea,Tropea,TERRITORIALE,NO,NO,NO,,38.6833333333,15.9
56972,ITTUF,Tufo,Tufo,TERRITORIALE,NO,NO,NO,,,
16188,ITUST,Ustica,Ustica,NAZIONALE,NO,NO,NO,,,
16190,ITVDA,Vada,Vada,NAZIONALE,NO,NO,NO,,,
16941,ITVDL,Vado Ligure,Vado Ligure,NAZIONALE,NO,SI,NO,,44.2656361111,8.4453611111
16226,ITVRZ,Varazze,Varazze,TERRITORIALE,NO,NO,NO,,44.3666666667,8.5666666667
16228,ITVSO,Vasto,Vasto,NAZIONALE,NO,NO,NO,,,
16189,ITVCE,Venezia,Venezia,NAZIONALE,NO,SI,NO,,45.4372111111,12.3107083333
16191,ITVEN,Ventimiglia,Ventimiglia,TERRITORIALE,NO,NO,NO,,,
16504,ITVTT,Ventotene,Ventotene,TERRITORIALE,NO,NO,NO,,,
16232,ITVZN,Vernazza,Vernazza,TERRITORIALE,NO,NO,NO,,44.1333333333,9.6833333333
16958,ITVIA,Viareggio,Viareggio,NAZIONALE,NO,NO,NO,,,
16231,ITVVA,Vibo Valentia,Vibo Valentia,NAZIONALE,NO,SI,NO,,38.7166722222,16.126775
